{
    "0": {
        "object_type": 2,
        "colour": 1,
        "material": 0,
        "x": -0.11102785966968431,
        "orientation": 0.5576285209045089,
        "size": 0,
        "y": 0.9184418415829425
    },
}
